,hh_income,hh_lifeCycle,occupation_type,age,motif_R,motif_RAAR,motif_RAOAR,motif_RAOR,motif_RAR,motif_ROAOR,motif_ROAR,motif_ROOR,motif_ROR,office_block,residential_block,amenity_block
0,3,10,1,27,0,0,0,0,0,0,1,0,0,3,20,24.0
1,6,2,1,19,0,0,0,0,0,0,0,0,1,3,16,
2,8,2,1,71,1,0,0,0,0,0,0,0,0,3,2,
3,6,2,1,58,0,0,0,0,0,0,1,0,0,3,16,14.0
4,8,2,1,56,0,0,0,0,0,0,0,0,1,3,16,
5,7,10,1,45,0,1,0,0,0,0,0,0,0,3,2,14.0
6,6,2,2,33,0,0,0,1,0,0,0,0,0,3,2,10.0
7,7,4,2,32,0,0,0,0,1,0,0,0,0,3,15,10.0
8,4,6,2,22,0,1,0,0,0,0,0,0,0,3,2,12.0
9,7,10,2,62,0,0,0,0,0,0,0,0,1,3,20,
10,10,2,2,38,0,0,0,0,0,0,1,0,0,3,16,12.0
11,8,10,2,63,0,0,0,0,0,0,1,0,0,3,16,22.0
12,8,2,3,26,0,0,0,0,0,0,0,0,1,3,16,
13,8,8,3,22,0,0,0,0,0,0,0,0,1,3,16,
14,8,8,3,22,0,0,0,0,0,0,0,0,1,3,2,
15,8,8,3,51,0,0,0,0,0,0,0,1,0,3,6,
16,5,1,3,51,0,0,0,0,0,0,1,0,0,3,1,21.0
17,8,8,3,19,0,0,0,0,0,0,0,0,1,3,2,
18,6,2,4,26,0,0,0,1,0,0,0,0,0,3,5,12.0
19,8,1,4,32,0,0,0,0,1,0,0,0,0,3,2,10.0
20,11,1,4,70,0,0,0,0,1,0,0,0,0,3,16,10.0
21,2,1,4,28,0,0,0,1,0,0,0,0,0,3,20,8.0
22,3,1,4,55,0,0,1,0,0,0,0,0,0,3,1,14.0
23,7,5,4,39,0,0,0,0,0,0,0,0,1,3,14,
24,7,4,5,16,0,0,0,0,0,0,1,0,0,3,5,22.0
25,8,8,5,17,0,1,0,0,0,0,0,0,0,3,2,12.0
26,8,8,5,17,0,1,0,0,0,0,0,0,0,3,19,22.0
27,7,6,5,16,0,0,0,0,0,0,1,0,0,3,6,20.0
28,1,5,5,17,0,0,0,0,0,0,0,0,1,3,6,
29,1,3,5,16,0,0,0,0,0,0,0,0,1,3,16,
30,1,2,1,56,0,0,0,0,0,0,1,0,0,4,16,4.0
31,4,4,1,43,0,0,0,0,0,0,0,0,1,4,2,
32,6,1,1,56,0,0,0,0,1,0,0,0,0,4,2,4.0
33,8,1,1,43,0,0,0,1,0,0,0,0,0,4,2,10.0
34,11,2,1,32,0,0,0,0,1,0,0,0,0,4,16,10.0
35,4,2,1,60,0,0,0,0,0,0,1,0,0,4,2,12.0
36,8,1,1,71,0,1,0,0,0,0,0,0,0,4,16,12.0
37,5,1,1,58,0,0,0,0,0,0,1,0,0,4,14,22.0
38,5,2,1,67,0,0,0,0,0,0,0,1,0,4,16,
39,1,4,1,36,0,1,0,0,0,0,0,0,0,4,6,12.0
40,3,3,1,36,0,0,0,0,0,0,1,0,0,4,16,8.0
41,7,6,1,50,0,0,0,1,0,0,0,0,0,4,16,14.0
42,8,2,1,56,0,0,0,0,0,0,0,0,1,4,2,
43,4,4,1,45,0,0,0,0,1,0,0,0,0,4,20,10.0
44,2,5,1,44,0,0,0,0,0,0,0,1,0,4,2,
45,10,8,1,21,0,0,0,0,0,0,0,0,1,4,20,
46,2,5,1,51,0,0,0,0,0,0,1,0,0,4,6,22.0
47,8,6,1,38,0,1,0,0,0,0,0,0,0,4,19,23.0
48,1,2,1,56,0,0,0,0,0,0,1,0,0,4,5,12.0
49,11,2,1,32,0,0,0,0,1,0,0,0,0,4,16,12.0
50,2,2,1,25,0,0,0,0,0,0,0,0,1,4,6,
51,4,2,1,60,0,0,0,0,0,0,1,0,0,4,14,22.0
52,11,1,1,44,0,0,0,0,0,0,0,0,1,4,16,
53,7,7,1,21,0,0,0,0,0,0,0,0,1,4,16,
54,8,2,1,59,0,0,0,0,0,0,0,1,0,4,16,
55,8,2,1,23,0,0,0,0,1,0,0,0,0,4,20,22.0
56,8,2,1,59,0,0,0,0,0,0,0,1,0,4,2,
57,4,2,1,39,0,0,0,0,0,0,0,0,1,4,5,
58,11,2,1,30,0,0,0,0,1,0,0,0,0,4,6,8.0
59,4,1,1,64,0,0,0,0,1,0,0,0,0,4,14,12.0
60,7,8,2,24,0,0,0,0,0,0,0,1,0,4,2,
61,3,2,2,33,0,0,0,0,0,0,0,0,1,4,16,
62,7,1,2,61,0,0,0,0,0,0,1,0,0,4,19,22.0
63,6,2,2,37,0,0,1,0,0,0,0,0,0,4,2,10.0
64,6,2,2,55,0,0,0,0,0,0,0,0,1,4,2,
65,10,10,2,57,0,1,0,0,0,0,0,0,0,4,2,22.0
66,8,1,2,50,0,0,1,0,0,0,0,0,0,4,5,14.0
67,6,1,2,36,0,0,0,0,0,0,0,0,1,4,16,
68,5,10,2,22,0,0,0,0,0,0,0,0,1,4,14,
69,7,4,2,28,0,0,0,1,0,0,0,0,0,4,16,9.0
70,7,10,2,62,0,0,0,0,0,0,0,0,1,4,2,
71,8,8,2,43,0,0,0,0,0,0,1,0,0,4,2,23.0
72,10,6,2,49,0,0,0,1,0,0,0,0,0,4,16,22.0
73,8,4,2,31,0,1,0,0,0,0,0,0,0,4,5,22.0
74,7,1,2,60,0,0,0,1,0,0,0,0,0,4,2,22.0
75,6,2,2,32,0,0,0,0,0,0,0,0,1,4,19,
76,8,8,2,45,0,0,0,0,0,0,1,0,0,4,16,10.0
77,4,1,2,65,0,0,0,0,0,0,1,0,0,4,16,10.0
78,6,1,2,60,0,0,0,0,0,0,1,0,0,4,14,9.0
79,6,2,2,59,0,0,0,0,0,0,0,0,1,4,2,
80,10,2,2,68,0,0,0,0,0,0,1,0,0,4,1,10.0
81,11,6,2,44,0,0,0,0,0,0,1,0,0,4,2,20.0
82,8,4,2,31,0,1,0,0,0,0,0,0,0,4,16,22.0
83,7,1,2,65,0,0,0,0,0,0,1,0,0,4,1,24.0
84,8,2,2,27,0,0,0,0,0,1,0,0,0,4,2,22.0
85,5,5,2,56,0,0,0,0,1,0,0,0,0,4,2,22.0
86,6,1,2,60,0,0,0,0,0,0,1,0,0,4,16,12.0
87,7,2,2,49,0,0,0,0,1,0,0,0,0,4,6,14.0
88,5,7,2,57,0,0,0,0,0,0,1,0,0,4,20,23.0
89,11,2,2,55,0,0,0,0,0,0,1,0,0,4,16,10.0
90,8,10,3,32,0,0,0,0,0,0,0,0,1,4,2,
91,10,10,3,56,0,0,0,0,0,0,0,1,0,4,16,
92,10,2,3,37,0,0,1,0,0,0,0,0,0,4,16,22.0
93,6,6,3,55,0,0,0,0,0,0,1,0,0,4,2,8.0
94,5,1,3,51,0,0,0,0,0,0,1,0,0,4,20,21.0
95,7,2,3,34,0,0,0,0,0,0,0,0,1,4,1,
96,10,2,3,57,0,0,0,0,0,0,1,0,0,4,20,8.0
97,8,2,3,55,0,0,0,0,0,0,0,0,1,4,2,
98,8,2,3,59,0,0,0,0,0,0,0,0,1,4,15,
99,8,2,3,41,0,0,0,0,0,0,0,0,1,4,5,
100,8,8,3,19,0,0,0,0,0,0,0,0,1,4,6,
101,10,10,3,56,0,0,0,0,0,0,0,1,0,4,16,
102,6,2,3,51,0,0,0,0,1,0,0,0,0,4,2,9.0
103,8,2,3,55,0,0,0,0,0,0,0,0,1,4,16,
104,6,6,3,48,0,0,0,1,0,0,0,0,0,4,20,8.0
105,6,10,3,65,0,0,0,0,0,0,1,0,0,4,2,8.0
106,8,8,3,22,0,0,0,0,0,0,0,0,1,4,19,
107,1,2,3,70,0,0,0,0,1,0,0,0,0,4,16,22.0
108,6,6,3,55,0,0,0,0,0,0,1,0,0,4,20,22.0
109,6,8,3,69,0,0,0,0,1,0,0,0,0,4,2,13.0
110,5,6,3,58,0,0,0,1,0,0,0,0,0,4,1,10.0
111,1,2,3,70,0,0,0,0,1,0,0,0,0,4,2,12.0
112,8,1,3,71,0,0,0,1,0,0,0,0,0,4,1,12.0
113,5,6,3,58,0,0,0,1,0,0,0,0,0,4,2,11.0
114,3,10,3,38,0,0,0,0,0,0,1,0,0,4,2,8.0
115,8,2,3,26,0,0,0,0,0,0,0,0,1,4,1,
116,1,1,3,25,0,0,0,1,0,0,0,0,0,4,2,21.0
117,6,6,3,57,0,0,0,0,0,0,0,0,1,4,13,
118,6,2,3,23,0,0,0,0,0,0,0,0,1,4,1,
119,6,2,3,63,0,0,0,0,0,0,0,0,1,4,20,
120,10,2,4,25,0,0,0,0,0,0,1,0,0,4,16,23.0
121,6,1,4,67,0,0,0,0,0,0,0,0,1,4,5,
122,7,6,4,46,0,1,0,0,0,0,0,0,0,4,2,24.0
123,11,2,4,39,0,0,0,0,0,1,0,0,0,4,15,14.0
124,10,1,4,28,0,1,0,0,0,0,0,0,0,4,19,21.0
125,8,1,4,64,0,0,0,0,0,1,0,0,0,4,16,10.0
126,9,2,4,30,0,0,0,0,0,0,1,0,0,4,16,22.0
127,2,1,4,28,0,0,0,1,0,0,0,0,0,4,15,10.0
128,11,2,4,26,0,0,0,0,0,0,0,0,1,4,15,
129,11,2,4,45,0,0,0,0,0,1,0,0,0,4,19,24.0
130,4,2,4,43,0,0,0,0,1,0,0,0,0,4,2,21.0
131,2,2,4,25,0,0,0,0,0,0,0,0,1,4,2,
132,7,2,4,53,0,0,0,0,0,0,1,0,0,4,2,10.0
133,11,6,4,44,0,0,0,1,0,0,0,0,0,4,20,10.0
134,7,2,4,35,0,0,0,0,0,0,0,0,1,4,20,
135,8,8,4,46,0,0,1,0,0,0,0,0,0,4,15,19.0
136,4,2,4,46,0,0,0,0,0,0,0,0,1,4,2,
137,9,1,4,25,0,0,0,0,0,0,0,0,1,4,16,
138,7,1,4,57,0,0,0,0,0,0,0,0,1,4,2,
139,7,1,4,26,0,0,0,0,0,0,0,0,1,4,16,
140,11,6,4,52,0,0,1,0,0,0,0,0,0,4,6,21.0
141,6,1,4,57,0,0,0,0,0,0,1,0,0,4,16,22.0
142,7,1,4,58,0,0,0,0,0,0,0,0,1,4,16,
143,7,1,4,35,0,0,0,0,0,0,1,0,0,4,2,21.0
144,6,6,4,54,0,0,0,0,0,1,0,0,0,4,1,22.0
145,9,2,4,49,0,0,0,0,1,0,0,0,0,4,1,23.0
146,5,10,4,26,0,0,0,0,0,0,0,0,1,4,16,
147,11,6,4,43,0,1,0,0,0,0,0,0,0,4,16,22.0
148,10,2,4,49,0,0,0,0,0,0,0,1,0,4,2,
149,10,6,4,42,0,0,0,1,0,0,0,0,0,4,5,10.0
150,9,6,5,17,0,0,0,0,0,0,1,0,0,4,20,12.0
151,8,8,5,17,0,0,0,0,0,0,0,0,1,4,6,
152,1,5,5,17,0,0,0,0,0,0,0,0,1,4,16,
153,7,4,5,16,0,0,0,0,1,0,0,0,0,4,15,9.0
154,8,6,5,16,0,1,0,0,0,0,0,0,0,4,16,21.0
155,1,5,5,17,0,0,0,0,0,0,0,0,1,4,14,
156,7,4,5,16,0,0,0,0,0,0,1,0,0,4,5,14.0
157,1,5,5,17,0,0,0,0,0,0,0,0,1,4,16,
158,7,4,5,16,0,0,0,0,0,0,1,0,0,4,6,23.0
159,1,5,5,17,0,0,0,0,0,0,0,0,1,4,14,
160,7,4,5,16,0,0,0,0,0,0,1,0,0,4,2,14.0
161,7,4,5,16,0,0,0,0,0,0,1,0,0,4,2,9.0
162,6,8,5,16,0,0,0,0,1,0,0,0,0,4,6,23.0
163,7,4,5,16,0,0,0,0,1,0,0,0,0,4,2,10.0
164,8,8,5,17,0,1,0,0,0,0,0,0,0,4,2,8.0
165,8,8,5,16,0,0,0,0,0,0,1,0,0,4,13,12.0
166,7,8,5,16,0,0,0,0,0,0,0,0,1,4,20,
167,1,7,5,17,0,0,0,0,0,1,0,0,0,4,16,12.0
168,3,6,5,16,0,0,0,0,0,0,0,0,1,4,6,
169,8,8,5,17,0,0,0,0,0,0,0,0,1,4,2,
170,1,7,5,17,0,0,0,0,0,1,0,0,0,4,2,11.0
171,8,8,5,16,0,0,0,0,0,0,1,0,0,4,6,8.0
172,7,6,5,16,0,0,0,0,0,0,1,0,0,4,16,9.0
173,8,8,5,17,0,1,0,0,0,0,0,0,0,4,2,21.0
174,5,6,5,17,0,0,0,0,0,0,0,0,1,4,15,
175,5,6,5,17,0,0,0,0,0,0,0,0,1,4,2,
176,1,5,5,17,0,0,0,0,0,0,0,0,1,4,20,
177,1,7,5,17,0,0,0,0,0,1,0,0,0,4,1,4.0
178,7,6,5,17,0,0,0,1,0,0,0,0,0,4,16,10.0
179,1,6,5,17,0,0,0,0,0,0,1,0,0,4,16,8.0
180,6,5,1,18,0,0,0,0,0,0,1,0,0,5,5,8.0
181,4,2,1,60,0,0,0,0,0,0,1,0,0,5,2,10.0
182,3,1,1,52,0,0,0,0,0,0,1,0,0,5,2,22.0
183,5,3,1,36,0,0,0,0,0,0,1,0,0,5,16,12.0
184,5,6,2,20,0,0,0,0,0,0,1,0,0,5,14,21.0
185,3,4,2,35,0,1,0,0,0,0,0,0,0,5,2,12.0
186,3,1,2,44,0,0,0,0,0,0,1,0,0,5,16,12.0
187,3,2,2,33,0,0,0,0,0,0,0,0,1,5,6,
188,6,1,3,46,0,0,0,0,1,0,0,0,0,5,14,11.0
189,10,2,3,22,0,0,0,0,0,0,0,1,0,5,2,
190,11,4,3,39,0,0,0,0,0,0,0,0,1,5,13,
191,6,4,3,40,0,0,0,1,0,0,0,0,0,5,6,22.0
192,11,6,4,50,0,0,0,0,0,1,0,0,0,5,2,22.0
193,4,1,4,45,0,0,0,0,0,0,1,0,0,5,2,11.0
194,11,2,4,26,0,0,0,0,0,0,0,0,1,5,20,
195,6,10,4,69,0,0,0,0,0,0,0,0,1,5,19,
196,8,8,5,17,0,0,0,0,0,0,0,0,1,5,16,
197,8,8,5,16,0,0,0,0,0,0,1,0,0,5,16,8.0
198,5,6,5,17,0,0,0,0,0,0,1,0,0,5,15,24.0
199,7,4,5,16,0,0,0,0,0,0,1,0,0,5,16,8.0
200,9,2,1,56,0,0,0,0,0,0,1,0,0,6,2,20.0
201,11,2,1,30,0,0,0,0,1,0,0,0,0,6,2,14.0
202,9,4,1,44,0,0,0,1,0,0,0,0,0,6,2,8.0
203,4,4,1,43,0,0,0,0,0,0,0,0,1,6,16,
204,9,2,1,46,0,0,0,0,0,0,0,0,1,6,16,
205,8,2,1,23,0,0,0,0,1,0,0,0,0,6,19,14.0
206,4,8,1,24,0,0,0,0,0,0,0,0,1,6,1,
207,3,6,1,35,0,0,1,0,0,0,0,0,0,6,5,22.0
208,3,10,1,27,0,0,0,0,0,0,1,0,0,6,6,23.0
209,7,4,1,56,0,0,0,0,0,0,0,0,1,6,16,
210,4,1,1,64,0,0,0,0,1,0,0,0,0,6,20,22.0
211,11,4,1,44,0,0,0,0,0,0,0,0,1,6,2,
212,8,2,1,23,0,0,0,0,1,0,0,0,0,6,16,9.0
213,3,8,1,20,0,0,0,0,0,1,0,0,0,6,1,12.0
214,8,8,1,60,0,0,0,0,1,0,0,0,0,6,2,12.0
215,5,4,1,21,0,0,0,0,1,0,0,0,0,6,16,22.0
216,11,2,1,63,0,0,0,0,0,1,0,0,0,6,6,8.0
217,3,1,1,56,0,1,0,0,0,0,0,0,0,6,20,7.0
218,6,2,1,63,0,0,0,0,1,0,0,0,0,6,6,22.0
219,7,7,1,18,0,0,0,0,0,0,0,1,0,6,20,
220,8,8,2,46,0,0,0,0,0,0,0,0,1,6,2,
221,8,2,2,27,0,0,0,0,0,1,0,0,0,6,16,11.0
222,7,4,2,32,0,0,0,0,1,0,0,0,0,6,2,10.0
223,1,1,2,62,0,0,0,0,1,0,0,0,0,6,15,12.0
224,7,1,2,56,0,0,0,0,0,1,0,0,0,6,20,22.0
225,11,2,2,59,0,0,0,1,0,0,0,0,0,6,2,12.0
226,4,6,2,21,0,0,0,0,0,0,0,0,1,6,2,
227,7,1,2,65,0,0,0,0,0,0,1,0,0,6,6,4.0
228,5,7,2,57,0,0,0,0,0,0,1,0,0,6,16,4.0
229,6,2,2,27,0,0,0,1,0,0,0,0,0,6,1,24.0
230,5,5,2,56,0,0,0,0,1,0,0,0,0,6,2,22.0
231,7,1,2,65,0,0,0,0,0,0,1,0,0,6,16,23.0
232,10,10,2,40,0,0,0,0,0,0,1,0,0,6,2,10.0
233,6,6,2,34,0,0,0,0,0,0,1,0,0,6,2,8.0
234,7,1,2,39,0,0,0,0,0,0,0,0,1,6,6,
235,10,10,2,40,0,0,0,0,0,0,1,0,0,6,2,11.0
236,5,10,2,33,0,0,0,0,0,0,0,0,1,6,14,
237,6,2,2,32,0,0,0,0,0,0,0,0,1,6,16,
238,6,1,2,60,0,0,0,0,0,0,1,0,0,6,2,8.0
239,10,10,2,57,0,1,0,0,0,0,0,0,0,6,16,12.0
240,6,1,3,49,0,0,0,0,0,0,0,1,0,6,13,
241,6,6,3,55,0,0,0,0,0,0,1,0,0,6,6,12.0
242,7,2,3,70,0,0,0,0,0,0,0,0,1,6,19,
243,8,8,3,19,0,0,0,0,0,0,0,0,1,6,6,
244,6,6,3,39,0,0,0,0,0,0,1,0,0,6,14,12.0
245,1,1,3,25,0,0,0,1,0,0,0,0,0,6,2,12.0
246,11,4,3,39,0,0,0,0,0,0,0,0,1,6,20,
247,6,1,3,49,0,0,0,0,0,0,0,1,0,6,2,
248,6,4,3,40,0,0,0,1,0,0,0,0,0,6,16,14.0
249,6,1,3,49,0,0,0,0,0,0,0,1,0,6,20,
250,1,1,3,25,0,0,0,1,0,0,0,0,0,6,2,12.0
251,5,10,3,36,0,1,0,0,0,0,0,0,0,6,6,22.0
252,7,1,3,67,0,0,0,0,0,0,0,0,1,6,20,
253,10,2,3,22,0,0,0,0,0,0,0,1,0,6,6,
254,11,4,3,39,0,0,0,0,0,0,0,0,1,6,16,
255,8,10,3,32,0,0,0,0,0,0,0,0,1,6,6,
256,7,2,3,70,0,0,0,0,0,0,0,0,1,6,20,
257,5,10,3,59,0,0,0,1,0,0,0,0,0,6,6,12.0
258,2,10,3,58,0,0,0,0,0,0,1,0,0,6,20,23.0
259,5,6,3,58,0,0,0,1,0,0,0,0,0,6,5,12.0
260,4,6,4,35,0,0,0,0,0,0,1,0,0,6,15,8.0
261,8,1,4,40,0,0,0,0,0,0,1,0,0,6,1,10.0
262,5,10,4,26,0,0,0,0,0,0,0,0,1,6,2,
263,11,2,4,28,0,0,0,0,0,0,0,0,1,6,20,
264,4,1,4,59,0,0,0,0,0,1,0,0,0,6,2,9.0
265,6,1,4,53,0,0,0,0,0,0,0,0,1,6,6,
266,10,10,4,64,0,0,0,0,1,0,0,0,0,6,16,22.0
267,11,8,4,65,0,1,0,0,0,0,0,0,0,6,16,14.0
268,7,6,4,41,0,0,0,0,0,0,0,0,1,6,6,
269,8,8,4,46,0,0,1,0,0,0,0,0,0,6,6,11.0
270,1,2,4,23,0,0,0,0,1,0,0,0,0,6,19,9.0
271,7,2,4,26,0,0,0,0,0,1,0,0,0,6,16,24.0
272,9,8,4,49,0,0,0,0,0,0,1,0,0,6,6,3.0
273,11,2,4,72,0,0,0,0,1,0,0,0,0,6,16,10.0
274,6,1,4,33,0,0,0,0,0,0,0,0,1,6,1,
275,11,2,4,58,0,0,0,0,0,0,1,0,0,6,6,8.0
276,9,1,4,62,0,1,0,0,0,0,0,0,0,6,2,12.0
277,7,3,4,35,0,1,0,0,0,0,0,0,0,6,6,12.0
278,7,1,4,47,0,0,0,0,0,1,0,0,0,6,2,12.0
279,11,2,4,36,0,0,1,0,0,0,0,0,0,6,6,20.0
280,5,6,5,17,0,0,0,0,0,0,1,0,0,6,19,20.0
281,7,8,5,16,0,0,0,0,0,0,0,0,1,6,6,
282,8,8,5,17,0,0,0,0,0,0,0,0,1,6,6,
283,7,4,5,16,0,0,0,0,0,0,1,0,0,6,20,22.0
284,4,8,5,17,0,0,0,0,0,0,0,0,1,6,20,
285,10,8,5,17,0,0,0,0,0,0,0,0,1,6,15,
286,8,6,5,16,0,1,0,0,0,0,0,0,0,6,2,10.0
287,7,6,5,17,0,0,0,1,0,0,0,0,0,6,6,14.0
288,10,8,5,17,0,0,0,0,0,0,0,0,1,6,1,
289,7,4,5,16,0,0,0,0,1,0,0,0,0,6,20,10.0
290,7,4,5,17,0,0,0,0,0,0,0,0,1,6,13,
291,8,8,5,16,0,0,0,0,0,0,1,0,0,6,16,8.0
292,3,6,5,16,0,0,0,0,0,0,0,0,1,6,2,
293,7,6,5,16,0,0,0,0,0,0,1,0,0,6,20,4.0
294,7,8,5,16,0,0,0,0,0,0,0,0,1,6,14,
295,6,8,5,16,0,0,1,0,0,0,0,0,0,6,1,22.0
296,1,7,5,17,0,0,0,0,0,1,0,0,0,6,2,7.0
297,8,8,5,17,0,0,0,0,0,0,0,0,1,6,15,
298,6,8,5,16,0,0,0,0,1,0,0,0,0,6,16,10.0
299,9,6,5,17,0,0,0,0,0,0,1,0,0,6,20,22.0
300,4,6,1,38,0,0,0,0,0,0,0,0,1,7,14,
301,6,1,1,46,0,0,0,0,0,1,0,0,0,7,16,22.0
302,5,2,2,67,0,0,0,0,1,0,0,0,0,7,6,21.0
303,7,1,2,61,0,0,0,0,0,0,1,0,0,7,6,9.0
304,6,6,3,55,0,0,0,0,0,0,1,0,0,7,14,12.0
305,6,10,3,65,0,0,0,0,0,0,1,0,0,7,16,22.0
306,7,2,4,26,0,0,1,0,0,0,0,0,0,7,20,21.0
307,8,2,4,26,0,0,0,0,0,0,0,0,1,7,19,
308,6,8,5,16,0,0,1,0,0,0,0,0,0,7,16,22.0
309,1,5,5,17,0,0,0,0,0,0,0,0,1,7,16,
310,11,10,1,48,0,0,0,1,0,0,0,0,0,8,2,22.0
311,3,10,1,27,0,0,0,0,0,0,1,0,0,8,6,8.0
312,5,6,1,25,0,0,0,0,0,0,0,0,1,8,14,
313,8,2,1,59,0,0,0,0,0,0,0,1,0,8,2,
314,6,1,1,38,0,0,0,0,0,0,1,0,0,8,2,20.0
315,9,2,1,56,0,0,0,0,0,0,1,0,0,8,16,14.0
316,7,2,1,78,0,0,0,0,0,0,0,0,1,8,1,
317,4,4,1,34,0,0,0,0,0,0,0,0,1,8,2,
318,1,8,1,24,0,0,0,0,0,0,0,0,1,8,6,
319,7,2,1,64,0,1,0,0,0,0,0,0,0,8,15,22.0
320,7,1,2,67,0,0,0,0,0,0,0,0,1,8,2,
321,8,4,2,31,0,1,0,0,0,0,0,0,0,8,20,12.0
322,9,2,2,55,0,0,0,0,0,1,0,0,0,8,14,10.0
323,5,3,2,35,0,0,1,0,0,0,0,0,0,8,14,14.0
324,9,10,2,67,0,0,0,0,0,0,0,0,1,8,2,
325,7,4,2,38,0,0,1,0,0,0,0,0,0,8,2,20.0
326,6,1,2,36,0,0,0,0,0,0,0,0,1,8,20,
327,6,3,2,37,0,0,0,0,1,0,0,0,0,8,1,22.0
328,11,2,2,55,0,0,0,0,0,0,1,0,0,8,1,21.0
329,8,10,2,63,0,0,0,0,0,0,1,0,0,8,13,22.0
330,5,10,3,36,0,1,0,0,0,0,0,0,0,8,6,20.0
331,10,2,3,57,0,0,0,0,0,0,1,0,0,8,2,12.0
332,8,2,3,41,0,0,0,0,0,0,0,0,1,8,2,
333,6,2,3,63,0,0,0,0,0,0,0,0,1,8,20,
334,8,10,3,32,0,0,0,0,0,0,0,0,1,8,6,
335,6,6,3,55,0,0,0,0,0,0,1,0,0,8,6,23.0
336,8,6,3,51,0,0,1,0,0,0,0,0,0,8,16,14.0
337,6,8,3,69,0,0,0,0,1,0,0,0,0,8,14,20.0
338,6,1,3,49,0,0,0,0,0,0,0,0,1,8,16,
339,6,2,3,51,0,0,0,0,1,0,0,0,0,8,2,22.0
340,7,1,4,44,0,1,0,0,0,0,0,0,0,8,16,12.0
341,6,1,4,23,0,0,0,0,0,0,0,0,1,8,2,
342,9,2,4,66,0,1,0,0,0,0,0,0,0,8,15,22.0
343,7,1,4,57,0,0,0,0,0,0,0,0,1,8,13,
344,11,2,4,32,0,0,0,0,0,0,0,0,1,8,16,
345,6,1,4,67,0,1,0,0,0,0,0,0,0,8,2,10.0
346,8,1,4,59,0,0,0,0,0,0,0,1,0,8,6,
347,9,2,4,60,0,0,0,1,0,0,0,0,0,8,6,23.0
348,10,2,4,32,0,0,0,0,0,0,1,0,0,8,2,12.0
349,7,2,4,53,0,0,0,0,0,0,1,0,0,8,16,14.0
350,1,5,5,17,0,0,0,0,0,0,0,0,1,8,2,
351,6,8,5,16,0,0,0,0,1,0,0,0,0,8,2,8.0
352,7,4,5,17,0,0,0,0,0,0,0,0,1,8,2,
353,7,4,5,16,0,0,0,0,1,0,0,0,0,8,14,10.0
354,8,8,5,17,0,1,0,0,0,0,0,0,0,8,2,10.0
355,10,8,5,17,0,0,0,0,0,0,0,0,1,8,6,
356,8,8,5,16,0,0,0,0,0,0,1,0,0,8,16,21.0
357,1,7,5,17,0,0,0,0,0,1,0,0,0,8,2,14.0
358,8,8,5,16,0,0,0,0,0,0,1,0,0,8,16,22.0
359,7,8,5,16,0,0,0,0,0,0,0,0,1,8,19,
360,3,2,1,42,0,0,0,0,0,1,0,0,0,13,20,12.0
361,8,2,1,52,0,0,0,0,0,1,0,0,0,13,5,12.0
362,5,1,2,57,0,0,0,0,1,0,0,0,0,13,20,9.0
363,8,8,2,37,0,0,0,0,0,0,1,0,0,13,6,8.0
364,5,6,3,58,0,0,0,1,0,0,0,0,0,13,2,9.0
365,8,1,3,53,0,0,0,0,0,0,0,0,1,13,16,
366,9,8,4,27,0,0,0,0,1,0,0,0,0,13,16,14.0
367,10,2,4,29,0,0,0,0,0,0,0,0,1,13,2,
368,8,8,5,17,0,1,0,0,0,0,0,0,0,13,16,9.0
369,5,6,5,17,0,0,0,0,0,0,1,0,0,13,16,12.0
370,5,6,1,40,0,0,0,0,0,0,1,0,0,14,5,22.0
371,6,1,1,29,0,0,1,0,0,0,0,0,0,14,2,12.0
372,9,2,1,37,0,0,0,0,0,0,1,0,0,14,20,10.0
373,4,4,1,43,0,0,0,0,0,0,0,0,1,14,2,
374,5,1,1,58,0,0,0,0,0,0,1,0,0,14,1,22.0
375,6,10,1,62,0,0,0,0,1,0,0,0,0,14,6,10.0
376,5,2,1,69,0,0,1,0,0,0,0,0,0,14,16,14.0
377,11,2,1,70,0,0,0,0,0,0,0,1,0,14,16,
378,6,2,1,63,0,0,0,0,1,0,0,0,0,14,1,3.0
379,6,1,1,46,0,0,0,0,0,1,0,0,0,14,20,12.0
380,11,2,2,59,0,0,0,1,0,0,0,0,0,14,13,10.0
381,6,6,2,42,0,0,0,0,1,0,0,0,0,14,14,22.0
382,9,10,2,59,0,0,0,0,0,1,0,0,0,14,16,11.0
383,3,1,2,44,0,0,0,0,0,0,1,0,0,14,2,10.0
384,7,8,2,24,0,0,0,0,0,0,0,1,0,14,6,
385,6,8,2,19,0,1,0,0,0,0,0,0,0,14,6,12.0
386,10,10,2,57,0,1,0,0,0,0,0,0,0,14,16,8.0
387,6,1,2,60,0,0,0,1,0,0,0,0,0,14,2,10.0
388,5,10,2,62,0,0,0,0,0,0,0,0,1,14,16,
389,5,6,2,20,0,0,0,0,0,0,1,0,0,14,2,10.0
390,7,2,3,70,0,0,0,0,0,0,0,0,1,14,16,
391,9,2,3,28,0,0,0,0,0,0,1,0,0,14,19,7.0
392,2,10,3,58,0,0,0,0,0,0,1,0,0,14,16,10.0
393,8,2,3,59,0,0,0,0,0,0,0,0,1,14,16,
394,8,2,3,26,0,0,0,0,0,0,0,0,1,14,14,
395,6,6,3,44,0,0,1,0,0,0,0,0,0,14,16,23.0
396,7,2,3,34,0,0,0,0,0,0,0,0,1,14,15,
397,6,2,3,58,0,0,0,0,0,0,0,0,1,14,20,
398,3,1,3,67,0,0,0,0,0,0,0,1,0,14,20,
399,8,10,3,50,0,0,0,0,0,0,1,0,0,14,14,12.0
400,8,4,4,44,0,0,1,0,0,0,0,0,0,14,15,10.0
401,6,6,4,45,0,0,1,0,0,0,0,0,0,14,6,10.0
402,7,1,4,57,0,0,0,0,1,0,0,0,0,14,19,9.0
403,11,2,4,46,0,0,0,0,0,0,0,0,1,14,2,
404,6,1,4,67,0,1,0,0,0,0,0,0,0,14,20,11.0
405,5,1,4,37,0,0,0,1,0,0,0,0,0,14,16,12.0
406,5,2,4,32,0,0,0,0,0,0,0,0,1,14,16,
407,6,10,4,69,0,0,0,0,0,0,0,0,1,14,20,
408,3,1,4,46,0,0,0,0,0,0,0,0,1,14,6,
409,6,5,4,30,0,1,0,0,0,0,0,0,0,14,1,12.0
410,8,6,5,16,0,1,0,0,0,0,0,0,0,14,2,22.0
411,8,8,5,17,0,0,0,0,0,0,0,0,1,14,6,
412,3,6,5,16,0,0,0,0,0,0,0,0,1,14,1,
413,5,6,5,17,0,0,0,0,0,0,1,0,0,14,15,10.0
414,7,4,5,17,0,0,0,0,0,0,0,0,1,14,6,
415,7,4,5,16,0,0,0,0,0,0,1,0,0,14,20,7.0
416,7,4,5,16,0,0,0,0,1,0,0,0,0,14,20,10.0
417,5,6,5,17,0,0,0,0,0,0,1,0,0,14,2,7.0
418,9,6,5,17,0,0,0,0,0,0,1,0,0,14,20,10.0
419,9,6,5,17,0,0,0,0,0,0,1,0,0,14,1,12.0
420,6,1,1,28,0,0,1,0,0,0,0,0,0,17,6,14.0
421,2,6,1,40,0,0,0,0,0,0,0,0,1,17,16,
422,11,2,1,24,0,0,0,0,0,0,0,0,1,17,20,
423,9,2,1,37,0,0,0,0,0,1,0,0,0,17,16,12.0
424,4,1,1,45,0,0,0,1,0,0,0,0,0,17,2,22.0
425,4,2,1,28,0,0,0,0,0,0,0,0,1,17,2,
426,5,1,1,60,0,0,0,0,0,0,1,0,0,17,2,10.0
427,7,2,1,28,0,0,0,0,0,1,0,0,0,17,20,9.0
428,4,2,1,56,0,0,0,0,0,0,0,0,1,17,1,
429,6,1,1,69,0,0,0,0,1,0,0,0,0,17,20,21.0
430,7,7,1,38,0,0,0,0,0,0,0,0,1,17,14,
431,1,7,1,19,0,0,0,0,0,0,0,0,1,17,16,
432,3,10,1,43,0,0,0,0,1,0,0,0,0,17,15,22.0
433,6,10,1,57,0,0,0,0,0,0,0,1,0,17,5,
434,10,2,1,53,0,1,0,0,0,0,0,0,0,17,2,22.0
435,5,8,1,56,0,0,0,0,0,0,1,0,0,17,16,24.0
436,11,2,1,24,0,0,0,0,0,0,0,0,1,17,20,
437,11,1,1,44,0,0,0,0,0,0,0,0,1,17,20,
438,8,8,1,48,0,1,0,0,0,0,0,0,0,17,20,12.0
439,8,8,1,48,0,1,0,0,0,0,0,0,0,17,20,23.0
440,8,2,1,22,0,0,0,0,0,0,0,0,1,17,20,
441,6,2,1,27,0,0,0,0,0,0,0,0,1,17,20,
442,5,2,1,69,0,0,1,0,0,0,0,0,0,17,5,12.0
443,4,6,1,50,0,0,0,0,0,0,0,0,1,17,2,
444,7,7,1,38,0,0,0,0,0,0,0,0,1,17,6,
445,7,4,1,56,0,0,0,0,0,0,0,0,1,17,20,
446,3,1,1,70,0,1,0,0,0,0,0,0,0,17,14,24.0
447,1,2,1,56,0,0,0,0,0,0,1,0,0,17,2,12.0
448,6,2,1,63,0,0,0,0,0,0,0,0,1,17,6,
449,4,2,1,60,0,0,0,0,0,0,1,0,0,17,20,8.0
450,1,2,1,45,1,0,0,0,0,0,0,0,0,17,6,
451,7,6,1,44,0,0,0,0,1,0,0,0,0,17,2,12.0
452,4,8,1,24,0,0,0,0,0,0,0,0,1,17,6,
453,3,6,1,43,0,0,0,0,0,0,0,0,1,17,2,
454,6,2,1,19,0,0,0,0,0,0,0,0,1,17,16,
455,7,6,1,50,0,0,0,0,0,0,1,0,0,17,2,4.0
456,6,2,1,62,0,0,0,0,0,0,0,0,1,17,1,
457,1,6,1,28,0,0,0,0,0,0,1,0,0,17,14,20.0
458,1,2,1,30,0,0,0,0,1,0,0,0,0,17,16,8.0
459,8,8,1,25,0,0,0,0,0,0,0,0,1,17,16,
460,5,7,2,47,0,0,0,1,0,0,0,0,0,17,16,14.0
461,1,2,2,28,0,0,0,0,0,0,0,0,1,17,16,
462,4,2,2,48,0,0,0,0,0,1,0,0,0,17,13,9.0
463,6,1,2,60,0,0,0,1,0,0,0,0,0,17,16,8.0
464,7,4,2,32,0,0,0,0,1,0,0,0,0,17,5,10.0
465,6,2,2,30,0,0,0,0,0,1,0,0,0,17,2,10.0
466,9,6,2,53,0,0,0,0,0,0,0,0,1,17,2,
467,8,8,2,37,0,0,0,0,0,0,1,0,0,17,14,22.0
468,9,2,2,55,0,0,0,0,0,1,0,0,0,17,1,14.0
469,11,2,2,59,0,0,0,1,0,0,0,0,0,17,16,14.0
470,7,2,2,49,0,0,0,0,1,0,0,0,0,17,2,8.0
471,7,2,2,62,0,0,0,0,0,0,0,0,1,17,16,
472,6,2,2,30,0,0,0,0,0,1,0,0,0,17,14,14.0
473,7,1,2,39,0,0,0,0,0,0,0,0,1,17,15,
474,6,6,2,34,0,0,0,0,0,0,1,0,0,17,19,22.0
475,5,2,2,30,0,1,0,0,0,0,0,0,0,17,2,4.0
476,6,10,2,60,0,0,0,0,0,0,0,0,1,17,6,
477,6,5,2,52,0,0,0,0,0,0,0,0,1,17,14,
478,8,2,2,32,0,0,0,0,0,0,0,0,1,17,2,
479,7,10,2,63,0,0,1,0,0,0,0,0,0,17,5,22.0
480,7,10,2,65,0,0,0,1,0,0,0,0,0,17,16,14.0
481,5,1,2,61,0,0,0,0,0,0,0,0,1,17,20,
482,6,1,2,62,0,0,0,0,0,0,1,0,0,17,6,4.0
483,7,1,2,61,0,0,0,0,0,0,1,0,0,17,6,12.0
484,6,2,2,72,0,0,0,1,0,0,0,0,0,17,16,12.0
485,6,2,2,59,0,0,0,0,0,0,0,0,1,17,16,
486,8,4,2,31,0,1,0,0,0,0,0,0,0,17,20,10.0
487,5,1,2,57,0,0,0,0,0,0,1,0,0,17,20,21.0
488,9,2,2,59,0,0,0,0,0,0,0,0,1,17,1,
489,7,2,2,49,0,0,0,0,1,0,0,0,0,17,20,14.0
490,11,6,2,43,0,0,0,0,1,0,0,0,0,17,2,12.0
491,5,5,2,56,0,0,0,0,1,0,0,0,0,17,13,12.0
492,1,7,2,20,0,0,1,0,0,0,0,0,0,17,2,12.0
493,8,4,2,30,0,1,0,0,0,0,0,0,0,17,20,8.0
494,5,10,2,22,0,0,0,0,0,0,0,0,1,17,20,
495,1,7,2,20,0,0,1,0,0,0,0,0,0,17,16,8.0
496,5,1,2,51,0,0,0,0,0,0,1,0,0,17,6,22.0
497,10,10,2,40,0,0,0,0,0,0,1,0,0,17,6,14.0
498,4,10,2,50,0,0,0,0,0,0,0,0,1,17,2,
499,1,8,2,22,0,0,0,0,0,0,1,0,0,17,6,22.0
500,6,2,3,51,0,0,0,0,1,0,0,0,0,17,2,8.0
501,5,6,3,60,0,0,0,0,0,0,0,0,1,17,1,
502,8,2,3,41,0,0,0,0,0,0,0,0,1,17,20,
503,3,1,3,67,0,0,0,0,0,0,0,1,0,17,14,
504,2,3,3,44,0,0,1,0,0,0,0,0,0,17,2,12.0
505,11,4,3,39,0,0,0,0,0,0,0,0,1,17,2,
506,6,4,3,40,0,0,0,1,0,0,0,0,0,17,16,22.0
507,8,2,3,26,0,0,0,0,0,0,0,0,1,17,15,
508,6,2,3,51,0,0,0,0,1,0,0,0,0,17,2,10.0
509,11,2,3,53,0,0,0,0,0,0,0,0,1,17,16,
510,7,4,3,50,0,0,0,0,0,0,0,0,1,17,16,
511,10,2,3,37,0,0,1,0,0,0,0,0,0,17,2,8.0
512,4,6,3,41,0,0,0,0,0,0,0,0,1,17,20,
513,3,10,3,38,0,0,0,0,0,0,1,0,0,17,16,7.0
514,9,4,3,42,0,0,0,0,0,0,1,0,0,17,2,22.0
515,4,8,3,59,0,0,0,0,0,0,0,0,1,17,16,
516,6,2,3,63,0,0,0,0,0,0,0,0,1,17,2,
517,3,1,3,67,0,0,0,0,0,0,0,1,0,17,2,
518,11,2,3,59,0,0,0,0,0,0,0,0,1,17,2,
519,7,1,3,67,0,0,0,0,0,0,0,0,1,17,2,
520,6,6,3,57,0,0,0,0,0,0,0,0,1,17,2,
521,5,10,3,59,0,0,0,1,0,0,0,0,0,17,5,11.0
522,8,8,3,51,0,0,0,0,0,0,0,1,0,17,20,
523,8,6,3,51,0,0,1,0,0,0,0,0,0,17,2,23.0
524,10,2,3,50,0,0,0,0,0,0,0,0,1,17,20,
525,10,2,3,57,0,0,0,0,0,0,1,0,0,17,2,11.0
526,4,6,3,41,0,0,0,0,0,0,0,0,1,17,16,
527,8,2,3,22,0,0,0,0,0,0,0,0,1,17,2,
528,5,6,3,60,0,0,0,0,0,0,0,0,1,17,20,
529,4,8,3,59,0,0,0,0,0,0,0,0,1,17,2,
530,11,2,3,59,0,0,0,0,0,0,0,0,1,17,1,
531,9,4,3,42,0,0,0,0,0,0,1,0,0,17,16,11.0
532,7,1,3,67,0,0,0,0,0,0,0,0,1,17,16,
533,5,10,3,59,0,0,0,1,0,0,0,0,0,17,2,7.0
534,9,4,3,42,0,0,0,0,0,0,1,0,0,17,2,22.0
535,2,3,3,44,0,0,1,0,0,0,0,0,0,17,16,4.0
536,10,10,3,56,0,0,0,0,0,0,0,1,0,17,16,
537,11,2,3,38,0,0,0,1,0,0,0,0,0,17,16,9.0
538,5,6,3,58,0,0,0,1,0,0,0,0,0,17,20,10.0
539,6,4,3,40,0,0,0,1,0,0,0,0,0,17,16,4.0
540,8,2,4,61,0,0,1,0,0,0,0,0,0,17,2,10.0
541,7,1,4,51,0,0,0,0,0,0,1,0,0,17,16,14.0
542,7,1,4,44,0,0,0,0,0,0,0,0,1,17,16,
543,7,6,4,57,0,0,0,0,0,0,0,0,1,17,6,
544,8,1,4,25,0,0,0,0,0,0,0,0,1,17,6,
545,9,6,4,48,0,0,0,1,0,0,0,0,0,17,6,9.0
546,10,2,4,37,0,0,0,0,0,0,1,0,0,17,15,12.0
547,11,2,4,61,0,0,0,0,0,0,0,0,1,17,16,
548,7,1,4,61,0,0,1,0,0,0,0,0,0,17,14,12.0
549,9,1,4,30,0,0,0,0,0,0,0,0,1,17,14,
550,7,2,4,68,0,0,0,0,0,0,0,0,1,17,2,
551,8,2,4,24,0,0,0,0,0,0,0,0,1,17,2,
552,8,10,4,28,0,0,0,0,0,0,0,0,1,17,6,
553,11,6,4,52,0,0,1,0,0,0,0,0,0,17,16,12.0
554,6,2,4,28,0,0,0,0,0,0,1,0,0,17,20,23.0
555,6,9,4,80,0,1,0,0,0,0,0,0,0,17,2,10.0
556,11,2,4,27,0,0,0,0,0,0,0,0,1,17,20,
557,8,2,4,59,0,0,0,0,0,0,0,0,1,17,16,
558,8,2,4,61,0,0,0,0,0,0,0,0,1,17,6,
559,5,6,4,61,0,0,0,0,0,0,1,0,0,17,2,8.0
560,6,6,4,42,0,0,0,1,0,0,0,0,0,17,6,4.0
561,8,2,4,59,0,0,0,0,0,0,0,1,0,17,2,
562,9,6,4,48,0,0,0,1,0,0,0,0,0,17,16,10.0
563,6,1,4,58,0,0,0,1,0,0,0,0,0,17,2,9.0
564,7,10,4,42,0,0,0,1,0,0,0,0,0,17,16,10.0
565,8,10,4,26,0,0,0,0,0,0,0,0,1,17,16,
566,11,2,4,36,0,0,0,0,0,0,0,0,1,17,14,
567,9,6,4,48,0,1,0,0,0,0,0,0,0,17,2,22.0
568,11,1,4,42,0,0,0,0,0,0,0,0,1,17,14,
569,7,1,4,44,0,1,0,0,0,0,0,0,0,17,16,4.0
570,10,2,4,36,0,0,0,0,0,0,0,1,0,17,16,
571,6,6,4,23,0,1,0,0,0,0,0,0,0,17,6,10.0
572,7,2,4,33,0,1,0,0,0,0,0,0,0,17,1,12.0
573,11,2,4,31,0,1,0,0,0,0,0,0,0,17,2,22.0
574,11,2,4,60,0,0,0,0,0,0,0,0,1,17,6,
575,10,1,4,35,0,1,0,0,0,0,0,0,0,17,16,14.0
576,7,1,4,44,0,1,0,0,0,0,0,0,0,17,2,12.0
577,8,2,4,64,0,0,0,0,0,0,0,0,1,17,16,
578,9,2,4,23,0,0,0,0,0,0,1,0,0,17,20,4.0
579,6,1,4,28,0,0,0,0,0,0,0,0,1,17,2,
580,1,5,5,17,0,0,0,0,0,0,0,0,1,17,2,
581,8,6,5,16,0,1,0,0,0,0,0,0,0,17,2,13.0
582,1,6,5,17,0,0,0,0,0,0,1,0,0,17,1,14.0
583,6,8,5,16,0,0,1,0,0,0,0,0,0,17,2,12.0
584,5,7,5,16,0,0,0,0,1,0,0,0,0,17,6,11.0
585,5,7,5,16,0,0,0,0,1,0,0,0,0,17,2,9.0
586,5,7,5,16,0,0,0,0,1,0,0,0,0,17,20,10.0
587,5,7,5,16,0,0,0,0,1,0,0,0,0,17,16,10.0
588,1,7,5,17,0,0,0,0,0,1,0,0,0,17,1,12.0
589,5,7,5,16,0,0,0,0,1,0,0,0,0,17,2,13.0
590,7,6,5,17,0,0,0,1,0,0,0,0,0,17,16,10.0
591,8,8,5,16,0,0,0,0,0,0,1,0,0,17,16,10.0
592,5,7,5,16,0,0,0,0,1,0,0,0,0,17,15,24.0
593,8,8,5,16,0,0,0,0,0,0,1,0,0,17,19,12.0
594,1,5,5,17,0,0,0,0,0,0,0,0,1,17,2,
595,7,8,5,16,0,0,0,0,0,0,0,0,1,17,20,
596,1,3,5,16,0,0,0,0,0,0,0,0,1,17,16,
597,5,6,5,17,0,0,0,0,0,0,1,0,0,17,1,10.0
598,7,6,5,17,0,0,0,1,0,0,0,0,0,17,2,22.0
599,1,6,5,17,0,0,0,0,0,0,1,0,0,17,16,22.0
600,8,8,5,17,0,1,0,0,0,0,0,0,0,17,16,8.0
601,1,5,5,17,0,0,0,0,0,0,0,0,1,17,16,
602,6,8,5,16,0,0,0,0,1,0,0,0,0,17,1,14.0
603,5,6,5,17,0,0,0,0,0,0,0,0,1,17,15,
604,5,6,5,17,0,0,0,0,0,0,0,0,1,17,14,
605,1,3,5,16,0,0,0,0,0,0,0,0,1,17,2,
606,6,8,5,16,0,0,0,0,1,0,0,0,0,17,6,10.0
607,1,5,5,17,0,0,0,0,0,0,0,0,1,17,16,
608,10,8,5,17,0,0,0,0,0,0,0,0,1,17,5,
609,1,7,5,17,0,0,0,0,0,1,0,0,0,17,2,12.0
610,1,6,5,17,0,0,0,0,0,0,1,0,0,17,20,22.0
611,8,8,5,16,0,0,0,0,0,0,1,0,0,17,6,4.0
612,8,6,5,16,0,1,0,0,0,0,0,0,0,17,14,12.0
613,7,6,5,16,0,0,0,0,0,0,1,0,0,17,6,8.0
614,1,5,5,17,0,0,0,0,0,0,0,0,1,17,16,
615,3,6,5,16,0,0,0,0,0,0,0,0,1,17,14,
616,8,6,5,16,0,1,0,0,0,0,0,0,0,17,16,10.0
617,7,8,5,16,0,0,0,0,0,0,0,0,1,17,2,
618,1,5,5,17,0,0,0,0,0,0,0,0,1,17,15,
619,8,6,5,16,0,1,0,0,0,0,0,0,0,17,14,10.0
620,6,1,1,29,0,0,1,0,0,0,0,0,0,18,20,22.0
621,9,2,1,24,0,0,0,0,0,0,1,0,0,18,15,22.0
622,5,2,1,28,0,0,0,0,0,0,1,0,0,18,14,22.0
623,7,10,1,33,0,0,0,0,0,0,0,0,1,18,15,
624,9,2,1,46,0,0,0,0,0,0,0,0,1,18,20,
625,8,2,1,52,0,0,0,0,0,1,0,0,0,18,5,22.0
626,6,1,1,54,0,0,0,0,0,0,1,0,0,18,19,22.0
627,7,2,1,64,0,1,0,0,0,0,0,0,0,18,2,20.0
628,11,4,1,46,0,0,0,1,0,0,0,0,0,18,2,20.0
629,8,2,1,22,0,0,0,0,0,0,0,0,1,18,20,
630,1,1,1,62,0,0,0,0,0,0,1,0,0,18,2,10.0
631,4,4,1,43,0,0,0,0,0,0,0,0,1,18,6,
632,8,2,1,64,0,0,0,0,0,0,0,0,1,18,16,
633,3,2,1,42,0,0,0,0,0,1,0,0,0,18,6,24.0
634,6,2,1,63,0,0,0,0,0,0,0,0,1,18,15,
635,6,2,1,27,0,0,0,0,0,1,0,0,0,18,16,22.0
636,2,5,1,44,0,0,0,0,0,0,0,1,0,18,6,
637,5,1,1,66,0,0,0,0,1,0,0,0,0,18,20,12.0
638,11,2,1,32,0,0,0,0,0,1,0,0,0,18,14,9.0
639,3,6,1,43,0,0,0,0,0,0,0,0,1,18,6,
640,9,8,1,21,0,0,0,0,1,0,0,0,0,18,6,10.0
641,4,1,1,29,0,1,0,0,0,0,0,0,0,18,5,12.0
642,4,2,1,60,0,0,0,0,0,0,1,0,0,18,2,12.0
643,3,6,1,35,0,0,1,0,0,0,0,0,0,18,16,12.0
644,11,2,1,56,0,0,0,1,0,0,0,0,0,18,2,14.0
645,11,2,1,32,0,0,0,0,1,0,0,0,0,18,5,22.0
646,4,8,1,24,0,0,0,0,0,0,0,0,1,18,15,
647,11,2,1,22,0,0,0,0,0,0,0,0,1,18,2,
648,6,2,1,62,0,0,0,0,0,0,0,0,1,18,2,
649,5,10,1,60,0,0,0,0,1,0,0,0,0,18,14,8.0
650,5,2,1,67,0,0,0,0,0,0,0,1,0,18,16,
651,3,1,1,74,0,0,1,0,0,0,0,0,0,18,20,22.0
652,6,1,1,46,0,0,0,0,0,1,0,0,0,18,5,8.0
653,9,8,1,21,0,0,0,0,1,0,0,0,0,18,2,8.0
654,3,1,1,52,0,0,0,0,0,0,1,0,0,18,16,20.0
655,7,4,1,33,0,0,0,0,0,0,1,0,0,18,2,11.0
656,2,6,1,40,0,0,0,0,0,0,0,0,1,18,2,
657,4,4,1,45,0,0,0,0,1,0,0,0,0,18,15,14.0
658,8,10,1,52,0,0,0,0,0,0,0,0,1,18,2,
659,2,2,1,25,0,0,0,0,0,0,0,0,1,18,16,
660,8,8,2,45,0,0,0,0,0,0,1,0,0,18,1,10.0
661,6,2,2,59,0,0,0,0,0,0,0,0,1,18,20,
662,7,10,2,62,0,0,0,0,0,0,0,0,1,18,16,
663,1,8,2,22,0,0,0,0,0,0,1,0,0,18,14,11.0
664,3,4,2,35,0,1,0,0,0,0,0,0,0,18,16,10.0
665,6,2,2,30,0,0,0,0,0,1,0,0,0,18,2,22.0
666,7,8,2,50,0,0,0,0,0,0,0,0,1,18,6,
667,8,8,2,46,0,0,0,0,0,0,0,0,1,18,6,
668,5,1,2,51,0,0,0,0,0,0,1,0,0,18,2,14.0
669,6,2,2,55,0,0,0,0,0,0,0,0,1,18,14,
670,11,6,2,44,0,0,0,0,0,0,1,0,0,18,16,12.0
671,4,6,2,21,0,0,0,0,0,0,0,0,1,18,6,
672,9,6,2,27,0,0,0,0,0,0,0,0,1,18,6,
673,6,8,2,19,0,1,0,0,0,0,0,0,0,18,2,22.0
674,4,10,2,50,0,0,0,0,0,0,0,0,1,18,16,
675,8,10,2,63,0,0,0,0,0,0,1,0,0,18,14,12.0
676,7,1,2,67,0,0,0,0,0,0,0,0,1,18,16,
677,9,6,2,27,0,0,0,0,0,0,0,0,1,18,6,
678,5,1,2,57,0,0,0,0,0,0,1,0,0,18,20,10.0
679,10,6,2,49,0,0,0,1,0,0,0,0,0,18,2,10.0
680,3,1,2,54,0,1,0,0,0,0,0,0,0,18,16,8.0
681,5,2,2,30,0,1,0,0,0,0,0,0,0,18,5,10.0
682,3,2,2,33,0,0,0,0,0,0,0,0,1,18,6,
683,3,1,2,54,0,1,0,0,0,0,0,0,0,18,19,12.0
684,3,1,2,44,0,0,0,0,0,0,1,0,0,18,16,10.0
685,6,8,2,19,0,1,0,0,0,0,0,0,0,18,6,12.0
686,5,6,2,20,0,0,0,0,0,0,1,0,0,18,16,20.0
687,6,2,2,40,0,0,0,0,0,0,0,0,1,18,16,
688,8,4,2,31,0,1,0,0,0,0,0,0,0,18,16,4.0
689,7,8,2,50,0,0,0,0,0,0,0,0,1,18,16,
690,5,2,2,67,0,0,0,0,1,0,0,0,0,18,2,10.0
691,7,8,2,24,0,0,0,0,0,0,0,1,0,18,20,
692,7,2,2,37,0,0,0,0,0,0,1,0,0,18,6,10.0
693,7,2,2,24,0,0,0,0,0,0,0,0,1,18,16,
694,7,4,2,28,0,0,0,1,0,0,0,0,0,18,1,22.0
695,9,10,2,67,0,0,0,0,0,0,0,0,1,18,2,
696,9,2,2,30,0,0,0,0,0,0,1,0,0,18,16,8.0
697,8,4,2,31,0,1,0,0,0,0,0,0,0,18,16,20.0
698,10,2,2,38,0,0,0,0,0,0,1,0,0,18,2,10.0
699,1,7,2,20,0,0,1,0,0,0,0,0,0,18,16,12.0
700,8,1,3,71,0,0,0,1,0,0,0,0,0,18,2,8.0
701,10,10,3,56,0,0,0,0,0,0,0,1,0,18,2,
702,1,1,3,25,0,0,0,1,0,0,0,0,0,18,20,9.0
703,2,10,3,58,0,0,0,0,0,0,1,0,0,18,16,8.0
704,2,10,3,58,0,0,0,0,0,0,1,0,0,18,6,12.0
705,8,8,3,51,0,0,0,0,0,0,0,1,0,18,2,
706,8,1,3,71,0,0,0,1,0,0,0,0,0,18,20,22.0
707,5,6,3,60,0,0,0,0,0,0,0,0,1,18,19,
708,3,2,3,48,0,0,0,0,0,0,1,0,0,18,6,20.0
709,6,1,3,46,0,0,0,0,1,0,0,0,0,18,6,22.0
710,3,6,3,43,0,0,0,0,0,0,0,0,1,18,20,
711,7,4,3,50,0,0,0,0,0,0,0,0,1,18,14,
712,8,8,3,19,0,0,0,0,0,0,0,0,1,18,14,
713,10,2,3,50,0,0,0,0,0,0,0,0,1,18,2,
714,6,1,3,49,0,0,0,0,0,0,0,0,1,18,19,
715,6,4,3,40,0,0,0,1,0,0,0,0,0,18,5,4.0
716,6,2,3,51,0,0,0,0,1,0,0,0,0,18,14,22.0
717,6,10,3,65,0,0,0,0,0,0,1,0,0,18,19,9.0
718,9,8,3,60,0,0,0,0,1,0,0,0,0,18,2,22.0
719,6,1,3,49,0,0,0,0,0,0,0,0,1,18,16,
720,6,1,3,46,0,0,0,0,1,0,0,0,0,18,16,14.0
721,9,4,3,39,0,0,0,0,0,0,1,0,0,18,20,23.0
722,10,2,3,37,0,0,1,0,0,0,0,0,0,18,2,10.0
723,10,10,3,56,0,0,0,0,0,0,0,1,0,18,6,
724,8,1,3,53,0,0,0,0,0,0,0,0,1,18,2,
725,6,6,3,57,0,0,0,0,0,0,0,0,1,18,16,
726,6,1,3,49,0,0,0,0,0,0,0,1,0,18,16,
727,5,8,3,55,0,0,0,0,0,0,0,0,1,18,2,
728,5,6,3,60,0,0,0,0,0,0,0,0,1,18,16,
729,6,2,3,58,0,0,0,0,0,0,0,0,1,18,16,
730,11,4,3,39,0,0,0,0,0,0,0,0,1,18,6,
731,9,10,3,67,0,0,0,0,0,0,1,0,0,18,16,10.0
732,8,8,3,19,0,0,0,0,0,0,0,0,1,18,2,
733,10,2,3,50,0,0,0,0,0,0,0,0,1,18,2,
734,6,2,3,58,0,0,0,0,0,0,0,0,1,18,1,
735,8,10,3,32,0,0,0,0,0,0,0,0,1,18,14,
736,8,8,3,27,0,1,0,0,0,0,0,0,0,18,2,22.0
737,6,2,3,58,0,0,0,0,0,0,0,0,1,18,15,
738,1,1,3,25,0,0,0,1,0,0,0,0,0,18,6,22.0
739,2,10,3,58,0,0,0,0,0,0,1,0,0,18,14,12.0
740,10,1,4,40,0,0,0,0,0,0,1,0,0,18,2,22.0
741,11,2,4,45,0,0,0,0,0,1,0,0,0,18,1,14.0
742,7,2,4,63,0,0,0,0,0,0,1,0,0,18,2,11.0
743,6,1,4,27,0,0,0,1,0,0,0,0,0,18,2,22.0
744,7,2,4,30,0,0,0,1,0,0,0,0,0,18,14,12.0
745,8,6,4,44,0,0,0,0,0,0,0,0,1,18,20,
746,8,2,4,27,0,0,0,0,0,0,0,0,1,18,2,
747,8,1,4,63,0,0,0,0,1,0,0,0,0,18,1,12.0
748,7,2,4,60,0,0,0,0,0,0,1,0,0,18,2,8.0
749,6,2,4,34,0,0,0,0,0,0,0,0,1,18,16,
750,7,4,4,23,0,0,0,0,0,0,0,0,1,18,20,
751,11,2,4,26,0,0,0,0,0,0,0,0,1,18,6,
752,11,4,4,44,0,0,0,0,0,0,0,0,1,18,6,
753,11,2,4,27,0,0,0,0,0,0,1,0,0,18,2,23.0
754,5,2,4,33,0,0,0,0,0,0,1,0,0,18,16,10.0
755,6,10,4,46,0,0,0,0,0,0,1,0,0,18,20,20.0
756,7,6,4,47,0,0,0,0,0,0,1,0,0,18,16,9.0
757,11,10,4,73,0,0,0,0,0,0,1,0,0,18,20,8.0
758,6,2,4,58,0,0,0,0,0,0,1,0,0,18,6,8.0
759,7,2,4,54,0,0,0,0,0,0,0,0,1,18,2,
760,11,2,4,51,0,0,0,0,0,0,1,0,0,18,20,9.0
761,10,2,4,69,0,0,0,0,0,0,1,0,0,18,20,4.0
762,10,1,4,30,0,0,0,0,1,0,0,0,0,18,1,11.0
763,9,2,4,32,0,0,0,0,0,0,1,0,0,18,16,24.0
764,7,1,4,26,0,0,0,0,0,0,0,0,1,18,20,
765,6,1,4,48,0,0,0,0,0,1,0,0,0,18,20,14.0
766,3,1,4,55,0,0,1,0,0,0,0,0,0,18,5,22.0
767,6,6,4,23,0,1,0,0,0,0,0,0,0,18,5,9.0
768,7,1,4,23,0,0,0,0,0,0,0,0,1,18,6,
769,6,6,4,23,0,0,0,0,0,0,1,0,0,18,1,8.0
770,9,4,4,35,0,0,0,1,0,0,0,0,0,18,20,14.0
771,7,1,4,30,0,0,0,0,0,0,1,0,0,18,16,7.0
772,7,4,4,29,0,0,1,0,0,0,0,0,0,18,6,14.0
773,7,1,4,70,0,1,0,0,0,0,0,0,0,18,20,8.0
774,11,2,4,34,0,0,0,0,0,1,0,0,0,18,16,13.0
775,3,2,4,33,0,1,0,0,0,0,0,0,0,18,14,22.0
776,8,6,4,44,0,0,0,0,0,0,0,0,1,18,2,
777,9,10,4,76,0,0,0,0,0,0,0,0,1,18,14,
778,5,2,4,27,0,0,0,0,0,0,1,0,0,18,2,22.0
779,9,2,4,32,0,0,0,0,0,0,0,0,1,18,16,
780,8,8,5,16,0,0,0,0,0,0,1,0,0,18,16,12.0
781,5,7,5,16,0,0,0,0,1,0,0,0,0,18,16,8.0
782,5,6,5,17,0,0,0,0,0,0,0,0,1,18,1,
783,3,6,5,16,0,0,0,0,0,0,0,0,1,18,5,
784,8,8,5,16,0,0,0,0,0,0,1,0,0,18,20,12.0
785,8,6,5,16,0,1,0,0,0,0,0,0,0,18,20,8.0
786,6,8,5,16,0,0,0,0,1,0,0,0,0,18,16,12.0
787,7,6,5,16,0,0,0,0,0,0,1,0,0,18,13,10.0
788,5,7,5,16,0,0,0,0,1,0,0,0,0,18,1,8.0
789,8,6,5,16,0,1,0,0,0,0,0,0,0,18,6,24.0
790,7,6,5,17,0,0,0,1,0,0,0,0,0,18,16,23.0
791,7,4,5,16,0,0,0,0,0,0,1,0,0,18,13,22.0
792,6,8,5,16,0,0,0,0,1,0,0,0,0,18,6,14.0
793,7,4,5,16,0,0,0,0,0,0,1,0,0,18,16,8.0
794,6,8,5,16,0,0,1,0,0,0,0,0,0,18,2,8.0
795,5,6,5,17,0,0,0,0,0,0,1,0,0,18,16,10.0
796,1,6,5,17,0,0,0,0,0,0,1,0,0,18,16,8.0
797,1,7,5,17,0,0,0,0,0,1,0,0,0,18,14,8.0
798,8,8,5,17,0,1,0,0,0,0,0,0,0,18,14,8.0
799,7,8,5,16,0,0,0,0,0,0,0,0,1,18,2,
800,7,6,5,17,0,0,0,1,0,0,0,0,0,18,16,10.0
801,8,8,5,17,0,1,0,0,0,0,0,0,0,18,2,8.0
802,7,4,5,17,0,0,0,0,0,0,0,0,1,18,6,
803,1,3,5,16,0,0,0,0,0,0,0,0,1,18,16,
804,1,5,5,17,0,0,0,0,0,0,0,0,1,18,20,
805,1,3,5,16,0,0,0,0,0,0,0,0,1,18,2,
806,7,4,5,16,0,0,0,0,1,0,0,0,0,18,19,22.0
807,5,7,5,16,0,0,0,0,1,0,0,0,0,18,20,20.0
808,5,6,5,17,0,0,0,0,0,0,0,0,1,18,20,
809,1,5,5,17,0,0,0,0,0,0,0,0,1,18,20,
810,7,6,5,16,0,0,0,0,0,0,1,0,0,18,16,12.0
811,8,8,5,17,0,1,0,0,0,0,0,0,0,18,16,12.0
812,7,4,5,16,0,0,0,0,1,0,0,0,0,18,14,13.0
813,1,7,5,17,0,0,0,0,0,1,0,0,0,18,13,12.0
814,7,4,5,16,0,0,0,0,0,0,1,0,0,18,20,22.0
815,1,5,5,17,0,0,0,0,0,0,0,0,1,18,5,
816,5,6,5,17,0,0,0,0,0,0,0,0,1,18,2,
817,3,6,5,16,0,0,0,0,0,0,0,0,1,18,2,
818,5,6,5,17,0,0,0,0,0,0,1,0,0,18,2,8.0
819,6,8,5,16,0,0,1,0,0,0,0,0,0,18,20,9.0
820,11,10,1,48,0,0,0,1,0,0,0,0,0,19,14,8.0
821,11,2,1,87,0,0,0,0,1,0,0,0,0,19,1,19.0
822,5,7,2,40,0,0,0,0,0,0,1,0,0,19,20,3.0
823,7,4,2,41,0,0,0,0,0,0,0,0,1,19,20,
824,6,1,3,46,0,0,0,0,1,0,0,0,0,19,16,21.0
825,10,2,3,50,0,0,0,0,0,0,0,0,1,19,2,
826,7,4,4,29,0,0,0,0,0,1,0,0,0,19,20,22.0
827,11,4,4,34,0,0,0,0,0,0,0,0,1,19,6,
828,7,4,5,17,0,0,0,0,0,0,0,0,1,19,2,
829,8,8,5,17,0,1,0,0,0,0,0,0,0,19,14,10.0
830,5,8,1,56,0,0,0,0,0,0,1,0,0,20,2,24.0
831,7,4,1,33,0,0,0,0,0,0,1,0,0,20,6,22.0
832,7,2,1,30,0,0,0,0,0,0,1,0,0,20,15,10.0
833,1,2,1,45,1,0,0,0,0,0,0,0,0,20,2,
834,5,1,1,58,0,0,0,0,0,0,1,0,0,20,16,10.0
835,11,2,1,23,0,1,0,0,0,0,0,0,0,20,2,7.0
836,11,2,1,87,0,0,0,0,1,0,0,0,0,20,16,12.0
837,7,4,1,61,1,0,0,0,0,0,0,0,0,20,2,
838,4,4,1,43,0,0,0,0,0,0,0,0,1,20,2,
839,9,2,1,56,0,0,0,0,0,0,1,0,0,20,2,12.0
840,6,1,2,60,0,0,0,0,0,0,0,0,1,20,16,
841,11,6,2,44,0,0,0,0,0,0,1,0,0,20,6,22.0
842,6,2,2,30,0,0,0,0,0,1,0,0,0,20,19,10.0
843,2,6,2,22,0,0,0,0,0,0,0,0,1,20,2,
844,8,2,2,27,0,0,0,0,0,1,0,0,0,20,19,21.0
845,1,1,2,62,0,0,0,0,1,0,0,0,0,20,16,20.0
846,7,1,2,56,0,0,0,0,0,1,0,0,0,20,5,21.0
847,6,1,2,55,0,0,0,0,0,0,0,0,1,20,16,
848,10,2,2,38,0,0,0,0,0,0,1,0,0,20,20,22.0
849,8,2,2,32,0,0,0,0,0,0,0,0,1,20,20,
850,10,2,3,57,0,0,0,0,0,0,1,0,0,20,1,8.0
851,6,2,3,58,0,0,0,0,0,0,0,0,1,20,20,
852,6,1,3,49,0,0,0,0,0,0,0,0,1,20,16,
853,11,2,3,59,0,0,0,0,0,0,0,0,1,20,1,
854,1,1,3,25,0,0,0,1,0,0,0,0,0,20,16,10.0
855,9,2,3,28,0,0,0,0,0,0,1,0,0,20,16,4.0
856,6,6,3,48,0,0,0,1,0,0,0,0,0,20,16,10.0
857,6,2,3,63,0,0,0,0,0,0,0,0,1,20,20,
858,6,1,3,46,0,0,0,0,1,0,0,0,0,20,2,22.0
859,8,8,3,22,0,0,0,0,0,0,0,0,1,20,1,
860,7,5,4,39,0,0,0,0,0,0,0,0,1,20,16,
861,6,2,4,53,0,0,0,0,0,0,1,0,0,20,1,11.0
862,7,2,4,31,0,0,0,0,0,0,1,0,0,20,5,12.0
863,9,6,4,38,0,0,0,0,0,0,0,0,1,20,2,
864,11,4,4,53,0,1,0,0,0,0,0,0,0,20,19,23.0
865,8,2,4,27,0,0,0,0,0,0,0,0,1,20,2,
866,8,1,4,32,0,0,0,0,1,0,0,0,0,20,16,22.0
867,11,4,4,46,0,0,0,0,0,0,1,0,0,20,2,22.0
868,11,2,4,71,0,0,0,0,0,1,0,0,0,20,20,23.0
869,11,1,4,47,0,0,0,1,0,0,0,0,0,20,2,10.0
870,7,8,5,16,0,0,0,0,0,0,0,0,1,20,2,
871,3,6,5,16,0,0,0,0,0,0,0,0,1,20,16,
872,5,6,5,17,0,0,0,0,0,0,0,0,1,20,2,
873,8,6,5,16,0,1,0,0,0,0,0,0,0,20,15,10.0
874,8,8,5,16,0,0,0,0,0,0,1,0,0,20,16,22.0
875,4,8,5,17,0,0,0,0,0,0,0,0,1,20,6,
876,4,8,5,17,0,0,0,0,0,0,0,0,1,20,6,
877,10,8,5,17,0,0,0,0,0,0,0,0,1,20,14,
878,7,6,5,16,0,0,0,0,0,0,1,0,0,20,16,22.0
879,6,8,5,16,0,0,1,0,0,0,0,0,0,20,6,12.0
